word,old_frequency,new_frequency,old_sum_count,new_sum_count,city,Ofrequency,Nfrequency,freq,gain,licia_gain,cat
punctuality,1.3862943611198906,1.3862943611198906,426329.03884425946,1389642.0294634602,buenos_aires,3.251700528957663e-06,9.97590985107969e-07,2.124645757032816e-06,0.30679054735330996,1.0,business
punctuality,0.6931471805599453,0.0,462327.7718945457,781590.8291296656,rio,1.4992549067938063e-06,0.0,7.496274533969032e-07,0.0,0.0,business
email,27.843670258054168,280.97372523146953,84514.0564071704,2853026.5324875396,tokyo,0.00032945608626225916,9.848268918357726e-05,0.00021396938772291822,0.2989250868025592,10.09111667490007,business
email,13.862943611198906,85.72823535149891,43668.014642809925,731101.7502038936,belize,0.00031746219113905794,0.000117258966111886,0.00021736057862547196,0.3693635632361747,6.1839850002884695,business
email,61.80788210549155,64.29278875527956,87073.80064826667,687378.7602901421,santiago,0.0007098332867674351,9.353327811313461e-05,0.0004016832824402849,0.13176795151307016,1.0402037177968153,business
email,39.33949025512147,91.61321086956926,127663.46986001555,1754380.2429810097,taipei,0.000308149937474343,5.221970051025075e-05,0.0001801848189922969,0.16946198638965693,2.3287848997393263,business
email,18.42729180266674,73.59138417501065,66646.38555703015,1005817.8299164908,singapore,0.0002764934909620609,7.316571846923877e-05,0.00017482960471564983,0.2646200393892029,3.9936082286579264,business
email,10.802672816507345,23.567004139038122,38248.1365823982,359974.8375552003,beijing,0.00028243657813852133,6.546847634988998e-05,0.00017395252724420566,0.23179885828308294,2.1815901063879175,business
email,93.69265241124911,141.06222676063828,275248.1164482747,1793142.50649448,hong_kong,0.00034039343709316925,7.866760519575722e-05,0.00020953052114446323,0.2311078787756565,1.505584729755199,business
email,74.57221342802238,231.9177519285101,183693.4666221797,3037567.0604034513,mexico_city,0.0004059600746792064,7.634983765517482e-05,0.0002411549561671906,0.18807228202307136,3.109975435453029,business
email,267.09835910027203,124.70195397965279,426329.03884425946,1389642.0294634602,buenos_aires,0.0006265075440893077,8.97367461084925e-05,0.00035812214509890007,0.14323330493798597,0.4668765259349202,business
email,189.53041339869554,60.13390567191987,462327.7718945457,781590.8291296656,rio,0.0004099481470084093,7.693783426154259e-05,0.00024344299063497592,0.1876769899388382,0.317278396609743,business
generosity,2.772588722239781,18.714973875118517,84514.0564071704,2853026.5324875396,tokyo,3.280624360144365e-05,6.559691493230182e-06,1.9682967547336913e-05,0.19995253260088336,6.749999999999998,business
generosity,2.0794415416798357,6.931471805599453,127663.46986001555,1754380.2429810097,taipei,1.6288461718610398e-05,3.950951815224291e-06,1.0119706766917344e-05,0.242561383848183,3.3333333333333335,business
generosity,1.3862943611198906,5.545177444479562,66646.38555703015,1005817.8299164908,singapore,2.0800743349144135e-05,5.5131031480521245e-06,1.315692324859813e-05,0.2650435638531623,4.0,business
generosity,1.3862943611198906,2.0794415416798357,38248.1365823982,359974.8375552003,beijing,3.624475556170921e-05,5.7766302661667674e-06,2.1010692913937986e-05,0.1593783756199336,1.5,business
generosity,2.0794415416798357,5.950642552587727,275248.1164482747,1793142.50649448,hong_kong,7.554789360640764e-06,3.3185552910800095e-06,5.436672325860387e-06,0.4392650982923691,2.8616541669070523,business
generosity,6.238324625039508,32.57791748631739,183693.4666221797,3037567.0604034513,mexico_city,3.396051443609848e-05,1.0725003543457696e-05,2.2342758989778088e-05,0.31580804123678136,5.222222222222216,business
generosity,7.6246189861593985,11.090354888959125,426329.03884425946,1389642.0294634602,buenos_aires,1.7884352909267148e-05,7.980727880863752e-06,1.293254039506545e-05,0.446240796150269,1.4545454545454546,business
generosity,7.6246189861593985,8.317766166719343,462327.7718945457,781590.8291296656,rio,1.649180397473187e-05,1.0642097958060137e-05,1.3566950966396004e-05,0.6452961710171649,1.0909090909090908,business
discrete,0.6931471805599453,2.0794415416798357,84514.0564071704,2853026.5324875396,tokyo,8.201560900360912e-06,7.288546103589093e-07,4.4652077553599106e-06,0.08886779226705929,3.0,business
discrete,2.772588722239781,1.3862943611198906,127663.46986001555,1754380.2429810097,taipei,2.17179489581472e-05,7.901903630448582e-07,1.1254069660596028e-05,0.03638420757722744,0.5,business
discrete,0.6931471805599453,7.6246189861593985,183693.4666221797,3037567.0604034513,mexico_city,3.773390492899831e-06,2.5101072122986124e-06,3.1417488525992217e-06,0.6652126826051359,11.0,business
discrete,1.3862943611198906,2.772588722239781,426329.03884425946,1389642.0294634602,buenos_aires,3.251700528957663e-06,1.995181970215938e-06,2.6234412495868005e-06,0.6135810947066199,2.0,business
discrete,5.545177444479562,6.238324625039508,462327.7718945457,781590.8291296656,rio,1.199403925435045e-05,7.981573468545102e-06,9.987806361447775e-06,0.6654616763614513,1.125,business
arrival,26.745057969386064,780.1721578170254,84514.0564071704,2853026.5324875396,tokyo,0.00031645691978780636,0.0002734542244641508,0.0002949555721259786,0.864112008192173,29.17070356362867,business
arrival,34.892925099310006,344.4691348039112,43668.014642809925,731101.7502038936,belize,0.0007990499541763627,0.00047116442370414755,0.0006351071889402551,0.5896557796437271,9.872177062355913,business
arrival,108.77199134677257,333.7706939896819,87073.80064826667,687378.7602901421,santiago,0.001249193104435115,0.00048557027547490336,0.0008673816899550092,0.38870713723197997,3.0685352898026665,business
arrival,117.49522262160008,563.099307266122,127663.46986001555,1754380.2429810097,taipei,0.0009203511603627485,0.0003209676519779511,0.0006206594061703498,0.34874476808552557,4.792529387170189,business
arrival,61.40241699738339,336.03358560153544,66646.38555703015,1005817.8299164908,singapore,0.0009213165347855296,0.00033408990734379307,0.0006277032210646613,0.36262228531648444,5.472644270922677,business
arrival,31.427189196510277,134.94168517125513,38248.1365823982,359974.8375552003,beijing,0.0008216658902795562,0.000374864215753865,0.0005982650530167105,0.4562246287555208,4.29378791490011,business
arrival,242.15748312011252,525.5515764802315,275248.1164482747,1793142.50649448,hong_kong,0.0008797788927490058,0.0002930896872818342,0.00058643429001542,0.33314016703223004,2.1702883995517603,business
arrival,164.62923089967646,1372.0551425996553,183693.4666221797,3037567.0604034513,mexico_city,0.0008962171269721067,0.00045169542443531047,0.0006739562757037086,0.5040022231681461,8.334213402453257,business
arrival,425.3839048592513,734.7380995259014,426329.03884425946,1389642.0294634602,buenos_aires,0.0009977830879464127,0.0005287247247476987,0.0007632539063470557,0.5298994652594218,1.7272353070551822,business
arrival,531.7366565907516,352.02808675555326,462327.7718945457,781590.8291296656,rio,0.0011501291700729535,0.00045039945919983656,0.000800264314636395,0.391607717567295,0.6620346413816828,business
punctual,5.545177444479562,15.249237972318797,87073.80064826667,687378.7602901421,santiago,6.368364999799681e-05,2.218462200647879e-05,4.29341360022378e-05,0.3483566348219145,2.75,business
punctual,2.0794415416798357,24.95329850015801,127663.46986001555,1754380.2429810097,taipei,1.6288461718610398e-05,1.4223426534807436e-05,1.5255944126708917e-05,0.873220981853458,11.999999999999991,business
punctual,1.3862943611198906,11.78350206951907,66646.38555703015,1005817.8299164908,singapore,2.0800743349144135e-05,1.1715344189610766e-05,1.625804376937745e-05,0.5632175731879699,8.5,business
punctual,5.545177444479562,13.16979643063896,275248.1164482747,1793142.50649448,hong_kong,2.0146104961708704e-05,7.344534181159629e-06,1.3745319571434167e-05,0.3645634823763322,2.375,business
punctual,7.6246189861593985,31.884770305757446,183693.4666221797,3037567.0604034513,mexico_city,4.150729542189814e-05,1.0496811978703276e-05,2.600205370030071e-05,0.25289077189947284,4.181818181818176,business
punctual,30.49847594463756,52.67918572255586,426329.03884425946,1389642.0294634602,buenos_aires,7.153741163706851e-05,3.7908457434102834e-05,5.472293453558567e-05,0.5299109454284452,1.7272727272727297,business
punctual,15.942385152878742,13.862943611198906,462327.7718945457,781590.8291296656,rio,3.448286285625755e-05,1.7736829930100227e-05,2.610984639317889e-05,0.5143665131296241,0.8695652173913043,business
delightful,7.6246189861593985,80.40507294495374,84514.0564071704,2853026.5324875396,tokyo,9.021716990397002e-05,2.8182378267211193e-05,5.919977408559061e-05,0.312383754635724,10.545454545454557,social
delightful,5.2574953720277815,49.73669796352067,43668.014642809925,731101.7502038936,belize,0.00012039694075932633,6.802978921832677e-05,9.421336498882654e-05,0.5650458291487523,9.460150593406524,social
delightful,4.852030263919617,32.408018449522,87073.80064826667,687378.7602901421,santiago,5.572319374824721e-05,4.714725028140612e-05,5.1435222014826667e-05,0.8460974167132901,6.679269643166203,social
delightful,4.852030263919617,36.16143642477352,127663.46986001555,1754380.2429810097,taipei,3.80064106767576e-05,2.061208598845635e-05,2.9309248332606974e-05,0.5423318230116754,7.45284642877747,social
delightful,8.317766166719343,43.668272375276544,66646.38555703015,1005817.8299164908,singapore,0.0001248044600948648,4.3415687290910474e-05,8.411007369288764e-05,0.3478696775572755,5.249999999999999,social
delightful,7.336936913707618,13.16979643063896,38248.1365823982,359974.8375552003,beijing,0.00019182468923424829,3.65853250190562e-05,0.00011420500712665225,0.1907227123114467,1.7949992736115528,social
delightful,10.1095256359474,40.20253647247681,275248.1164482747,1793142.50649448,hong_kong,3.672877317526424e-05,2.2420156974066228e-05,2.9574465074665233e-05,0.6104248804358526,3.9766986029022804,social
delightful,26.339592861277897,205.6426975883697,183693.4666221797,3037567.0604034513,mexico_city,0.00014338883873019344,6.769980497518832e-05,0.00010554432185269088,0.47214138544336187,7.807360526467633,social
delightful,38.52856003890514,95.19672980802538,426329.03884425946,1389642.0294634602,buenos_aires,9.03728259828434e-05,6.850449812947927e-05,7.943866205616134e-05,0.7580209801393655,2.470809438813654,social
delightful,28.419034402957728,27.03274004183784,462327.7718945457,781590.8291296656,rio,6.1469451178546e-05,3.458681836369541e-05,4.8028134771120704e-05,0.562666783264967,0.951219512195122,social
waiting,20.794415416798348,209.51389859927764,84514.0564071704,2853026.5324875396,tokyo,0.0002460468270108272,7.343566427214524e-05,0.00015974124564148624,0.2984621470811072,10.075488750216373,business
waiting,12.476649250079015,134.07863895389977,43668.014642809925,731101.7502038936,belize,0.0002857159720251522,0.00018339258374980936,0.00023455427788748076,0.6418702547495837,10.746365972662945,business
waiting,25.358763608266173,101.72273650551669,87073.80064826667,687378.7602901421,santiago,0.0002912329933857203,0.0001479864412199463,0.0002196097173028333,0.5081376237614236,4.0113444833863365,business
waiting,28.131352330505948,165.89774222514,127663.46986001555,1754380.2429810097,taipei,0.0002203555360147448,9.456202148244083e-05,0.00015745877874859282,0.4291338588203808,5.897254432565571,business
waiting,10.514990744055563,88.95840518298587,66646.38555703015,1005817.8299164908,singapore,0.00015777285829038324,8.84438538839302e-05,0.00012310835608715672,0.5605771160027284,8.460150593406533,business
waiting,5.545177444479562,29.805328764077615,38248.1365823982,359974.8375552003,beijing,0.00014497902224683683,8.279836714839025e-05,0.00011388869469761354,0.5711058459714282,5.374999999999994,business
waiting,50.312062108424236,158.2731232389806,275248.1164482747,1793142.50649448,hong_kong,0.0001827880341476524,8.826578069826589e-05,0.00013552690742295914,0.48288598928180726,3.145828586749168,business
waiting,35.755971316665345,373.16230024594245,183693.4666221797,3037567.0604034513,mexico_city,0.00019465020707681535,0.00012284907388888358,0.00015874964048284945,0.6311273732187879,10.436363116557732,business
waiting,121.53632266930337,228.3987715111916,426329.03884425946,1389642.0294634602,buenos_aires,0.000285076341500869,0.0001643579905246362,0.00022471716601275263,0.5765402686849591,1.87926347033436,business
waiting,115.87336218916744,105.5939375164246,462327.7718945457,781590.8291296656,rio,0.0002506303303267654,0.00013510130055390736,0.00019286581544033637,0.5390460938138083,0.9112874220740975,business
interesting,39.0518081826697,494.93418898655875,84514.0564071704,2853026.5324875396,tokyo,0.0004620747109158571,0.0001734768966747141,0.0003177758037952856,0.3754304067644678,12.673784186162196,social
interesting,9.128696382935672,64.17500571962317,43668.014642809925,731101.7502038936,belize,0.00020904766240474688,8.777848733329622e-05,0.00014841307486902154,0.4198970049392096,7.030029593227123,social
interesting,31.30940616085389,140.53897861687375,87073.80064826667,687378.7602901421,santiago,0.00035957321177845184,0.00020445638814552887,0.00028201479996199034,0.5686085098895048,4.488714282693405,social
interesting,24.95329850015801,202.3468607223654,127663.46986001555,1754380.2429810097,taipei,0.00019546154062332464,0.00011533808678701342,0.00015539981370516902,0.5900807208374679,8.109022569544628,social
interesting,25.071081535814393,149.78545803546578,66646.38555703015,1005817.8299164908,singapore,0.0003761806634563963,0.00014891907220207252,0.0002625498678292344,0.3958711509352579,5.97443145089274,social
interesting,42.22986201301762,105.18847240831644,38248.1365823982,359974.8375552003,beijing,0.0011041024684180776,0.00029221062539457727,0.0006981565469063274,0.26465897301474856,2.4908552241040103,social
interesting,65.39140104394765,297.7791566017036,275248.1164482747,1793142.50649448,hong_kong,0.00023757256502874623,0.0001660655277108174,0.00020181904636978182,0.6990097012705297,4.553796857809713,social
interesting,96.70080720480168,650.7359566091196,183693.4666221797,3037567.0604034513,mexico_city,0.0005264248586679224,0.00021422933014117178,0.0003703270944045471,0.4069513941329872,6.729374608331163,social
interesting,114.14726975445673,298.7599858547154,426329.03884425946,1389642.0294634602,buenos_aires,0.000267744533808675,0.00021499060874696373,0.00024136757127781936,0.8029691799444608,2.6173204711543328,social
interesting,75.95850778914229,112.23772724957229,462327.7718945457,781590.8291296656,rio,0.00016429579274002164,0.00014360164304199133,0.00015394871789100649,0.8740433376113512,1.4776189069055916,social
hers,0.6931471805599453,9.704060527839234,84514.0564071704,2853026.5324875396,tokyo,8.201560900360912e-06,3.4013215150082435e-06,5.801441207684578e-06,0.41471636391294336,14.0,social
hers,0.6931471805599453,1.3862943611198906,43668.014642809925,731101.7502038936,belize,1.5873109556952898e-05,1.8961715804035119e-06,8.884640568678204e-06,0.11945810451317221,2.0,social
hers,0.6931471805599453,4.1588830833596715,87073.80064826667,687378.7602901421,santiago,7.960456249749602e-06,6.0503514563123966e-06,7.005403853030999e-06,0.7600508396114497,6.0,social
hers,1.0986122886681098,5.545177444479562,127663.46986001555,1754380.2429810097,taipei,8.605533672809853e-06,3.1607614521794327e-06,5.883147562494643e-06,0.3672940659294858,5.047438028571659,social
hers,3.4657359027997265,6.238324625039508,66646.38555703015,1005817.8299164908,singapore,5.200185837286033e-05,6.202241041558641e-06,2.9102049707209486e-05,0.11926960373392306,1.8,social
hers,1.3862943611198906,2.772588722239781,38248.1365823982,359974.8375552003,beijing,3.624475556170921e-05,7.702173688222357e-06,2.197346462496578e-05,0.21250450082657815,2.0,social
hers,1.3862943611198906,16.46563329664329,275248.1164482747,1793142.50649448,hong_kong,5.036526240427176e-06,9.18255701206533e-06,7.109541626246253e-06,1.823192528683521,11.877443751081735,social
hers,2.0794415416798357,18.714973875118517,183693.4666221797,3037567.0604034513,mexico_city,1.1320171478699492e-05,6.16117224836932e-06,8.740671863534406e-06,0.5442649221314747,8.999999999999998,social
hers,5.545177444479562,9.010913347279288,426329.03884425946,1389642.0294634602,buenos_aires,1.3006802115830652e-05,6.484341403201798e-06,9.745571759516225e-06,0.4985346394491287,1.625,social
hers,6.238324625039508,6.238324625039508,462327.7718945457,781590.8291296656,rio,1.3493294161144258e-05,7.981573468545102e-06,1.0737433814844679e-05,0.5915214900990677,1.0,social
chatting,8.317766166719343,46.44086109751633,84514.0564071704,2853026.5324875396,tokyo,9.841873080433093e-05,1.6277752964682307e-05,5.734824188450662e-05,0.16539283560813814,5.583333333333333,social
chatting,3.4657359027997265,20.101268236238404,43668.014642809925,731101.7502038936,belize,7.936554778476449e-05,2.749448791585091e-05,5.3430017850307693e-05,0.3464285030881992,5.799999999999997,social
chatting,1.3862943611198906,13.862943611198906,87073.80064826667,687378.7602901421,santiago,1.5920912499499203e-05,2.016783818770799e-05,1.8044375343603595e-05,1.2667513993524162,10.0,social
chatting,3.4657359027997265,33.67652977498551,127663.46986001555,1754380.2429810097,taipei,2.7147436197684e-05,1.919568457848282e-05,2.317156038808341e-05,0.7070901443032194,9.716992500144222,social
chatting,4.1588830833596715,21.48756259735829,66646.38555703015,1005817.8299164908,singapore,6.24022300474324e-05,2.1363274698701972e-05,4.1882752373067185e-05,0.3423479366436678,5.166666666666664,social
chatting,6.931471805599453,13.862943611198906,38248.1365823982,359974.8375552003,beijing,0.00018122377780854606,3.8510868441111784e-05,0.00010986732312482892,0.21250450082657812,2.0,social
chatting,5.545177444479562,28.419034402957728,275248.1164482747,1793142.50649448,hong_kong,2.0146104961708704e-05,1.584873165408129e-05,1.7997418307894996e-05,0.786689619864716,5.124999999999995,social
chatting,10.39720770839918,52.67918572255586,183693.4666221797,3037567.0604034513,mexico_city,5.660085739349746e-05,1.7342558921335874e-05,3.697170815741667e-05,0.3064009931999415,5.066666666666668,social
chatting,13.862943611198906,19.40812105567846,426329.03884425946,1389642.0294634602,buenos_aires,3.251700528957663e-05,1.396627379151156e-05,2.3241639540544095e-05,0.42950676629463375,1.3999999999999995,social
chatting,5.950642552587727,9.704060527839234,462327.7718945457,781590.8291296656,rio,1.287104715384702e-05,1.241578095107016e-05,1.264341405245859e-05,0.9646286586215491,1.6307584335777783,social
chat,16.635532333438686,170.63198945340324,84514.0564071704,2853026.5324875396,tokyo,0.00019683746160866186,5.98073615896695e-05,0.0001283224115991657,0.3038413577420248,10.257080208393448,social
chat,9.010913347279288,54.7586272642357,43668.014642809925,731101.7502038936,belize,0.00020635042424038767,7.489877742593874e-05,0.0001406246008331632,0.3629688560207926,6.076923076923079,social
chat,4.852030263919617,45.4600318445046,87073.80064826667,687378.7602901421,santiago,5.572319374824721e-05,6.613534556307202e-05,6.092926965565962e-05,1.186854900346632,9.369280357245877,social
chat,18.714973875118517,130.1417709084745,127663.46986001555,1754380.2429810097,taipei,0.00014659615546749354,7.418105135939064e-05,0.0001103886034134421,0.5060231704087197,6.953884722302363,social
chat,17.734144622106793,69.72018316410276,66646.38555703015,1005817.8299164908,singapore,0.00026609311928748876,6.931690917617891e-05,0.00016770501423183385,0.26049869069063925,3.9314094166792746,social
chat,10.39720770839918,46.44086109751633,38248.1365823982,359974.8375552003,beijing,0.00027183566671281907,0.00012901140927772448,0.0002004235379952718,0.47459338517935784,4.466666666666667,social
chat,24.95329850015801,110.32818474468785,275248.1164482747,1793142.50649448,hong_kong,9.06574723276891e-05,6.152783972556366e-05,7.609265602662638e-05,0.6786847034866148,4.42138680559563,social
chat,29.11218158351767,155.5005345167408,183693.4666221797,3037567.0604034513,mexico_city,0.00015848240070179273,5.119246140893006e-05,0.0001048374310553614,0.32301669574816694,5.341425000068697,social
chat,36.161436424773505,101.02958932495675,426329.03884425946,1389642.0294634602,buenos_aires,8.482048636143571e-05,7.270188090379233e-05,7.876118363261402e-05,0.8571264328053512,2.7938488985394208,social
chat,33.101165630081944,33.964211847437284,462327.7718945457,781590.8291296656,rio,7.159674941100473e-05,4.345523332874551e-05,5.752599136987512e-05,0.6069442214378835,1.0260729856767041,social
company,11.090354888959125,137.0867937474523,84514.0564071704,2853026.5324875396,tokyo,0.0001312249744057746,4.8049603530299806e-05,8.96372889680372e-05,0.366162033925955,12.3609023444261,social
company,13.575261538747124,223.95333486875992,43668.014642809925,731101.7502038936,belize,0.0003108742554427611,0.00030632307309660055,0.0003085986642696808,0.9853600538916335,16.497165393796813,social
company,10.1095256359474,48.23262056674439,87073.80064826667,687378.7602901421,santiago,0.00011610295589122931,7.016891320061364e-05,9.313593454592147e-05,0.6043680168345684,4.771007295855612,social
company,6.931471805599453,50.02438003597246,127663.46986001555,1754380.2429810097,taipei,5.4294872395368e-05,2.8513989618904957e-05,4.140443100713648e-05,0.5251691064170829,7.216992500144234,social
company,7.6246189861593985,37.14226567778523,66646.38555703015,1005817.8299164908,singapore,0.00011440408842029273,3.6927428181372575e-05,7.566575830083265e-05,0.32278066886657236,4.8713602273382826,social
company,11.78350206951907,25.646445680717953,38248.1365823982,359974.8375552003,beijing,0.0003080804222745283,7.124510661605674e-05,0.00018966276444529252,0.2312548979583348,2.176470588235292,social
company,17.04099744154685,90.8679476878703,275248.1164482747,1793142.50649448,hong_kong,6.19114043774001e-05,5.067525160926189e-05,5.6293327993331e-05,0.8185123907116568,5.33231390941527,social
company,20.101268236238404,145.50879191644975,183693.4666221797,3037567.0604034513,mexico_city,0.00010942832429409505,4.790307144597598e-05,7.866569787003552e-05,0.4377575162097307,7.238786638055388,social
company,46.10106302392554,99.98422155080745,426329.03884425946,1389642.0294634602,buenos_aires,0.00010813493528121254,7.194962402613232e-05,9.004227965367243e-05,0.6653689100476385,2.168805120587298,social
company,38.816242111356914,41.70661386925308,462327.7718945457,781590.8291296656,rio,8.395827478045311e-05,5.336118633287337e-05,6.865973055666324e-05,0.6355679231428984,1.0744629464543272,social
welcome,78.1557323664785,824.4146658238224,84514.0564071704,2853026.5324875396,tokyo,0.0009247660766623381,0.0002889614437286776,0.0006068637601955079,0.31246977048681984,10.548358269590205,business
welcome,13.862943611198906,243.4124434121977,43668.014642809925,731101.7502038936,belize,0.00031746219113905794,0.0003329392158400845,0.0003252007034895712,1.0487523400676309,17.558496250072153,business
welcome,51.81613950520052,284.5436931365473,87073.80064826667,687378.7602901421,santiago,0.0005950830114159258,0.00041395473583798485,0.0005045188736269553,0.6956251949673898,5.491410511352146,business
welcome,46.84632620562451,398.0499317115832,127663.46986001555,1754380.2429810097,taipei,0.00036695169148223873,0.00022688920107491882,0.00029692044627857876,0.618308094339172,8.496929512986915,business
welcome,54.41882919064491,280.3326940520486,66646.38555703015,1005817.8299164908,singapore,0.0008165308401320283,0.00027871119969639387,0.0005476210199142111,0.341335790392593,5.151391498519052,business
welcome,20.506733344346568,95.07894677236901,38248.1365823982,359974.8375552003,beijing,0.0005361498670704855,0.0002641266467903861,0.00040013825693043577,0.4926358524223273,4.636474526479421,business
welcome,117.78290469405187,334.3325071012071,275248.1164482747,1793142.50649448,hong_kong,0.0004279153885370399,0.00018645060606745274,0.00030718299730224635,0.435718394481889,2.8385486668855364,business
welcome,139.27046729141023,979.4440681979247,183693.4666221797,3037567.0604034513,mexico_city,0.0007581677772887885,0.00032244360329211446,0.0005403056902904515,0.4252932041574944,7.032675966746999,business
welcome,310.6091549587518,583.5913610637092,426329.03884425946,1389642.0294634602,buenos_aires,0.0007285667328708968,0.00041995805300235013,0.0005742623929366234,0.5764167289762424,1.8788607861259237,business
welcome,308.8173954895238,367.8391378393973,462327.7718945457,781590.8291296656,rio,0.0006679620266462453,0.0004706287793179479,0.0005692954029820966,0.7045741532358011,1.191121818951665,business
arrived,68.28177280184383,1214.3585120189705,84514.0564071704,2853026.5324875396,tokyo,0.0008079339189788389,0.00042563870268678413,0.0006167863108328116,0.5268236580842601,17.78451938474244,business
arrived,36.56690153288169,469.864235964124,43668.014642809925,731101.7502038936,belize,0.0008373841089865656,0.0006426796760274281,0.0007400318925069968,0.7674849201583533,12.849440785722923,business
arrived,115.87449070254719,442.5948013375936,87073.80064826667,687378.7602901421,santiago,0.0013307618346719524,0.0006438878052484116,0.000987324819960182,0.48384901676049125,3.8196051491069407,business
arrived,122.29513688438068,886.2496499960673,127663.46986001555,1754380.2429810097,taipei,0.0009579493414872609,0.0005051639480903916,0.0007315566447888262,0.5273388959233491,7.246810237711566,business
arrived,58.27760768155426,460.04126388724865,66646.38555703015,1005817.8299164908,singapore,0.000874430131423787,0.00045738030307679485,0.000665905217250291,0.5230610046934995,7.893962744679697,business
arrived,31.427189196510273,200.1631871784075,38248.1365823982,359974.8375552003,beijing,0.0008216658902795561,0.0005560477186067581,0.0006888568044431571,0.6767321428148533,6.369108797061429,business
arrived,251.40396253870455,739.1325486805744,275248.1164482747,1793142.50649448,hong_kong,0.0009133721450404512,0.0004121995580404528,0.000662785851540452,0.4512942071626209,2.940019485837588,business
arrived,178.7934076167055,1794.797792805671,183693.4666221797,3037567.0604034513,mexico_city,0.0009733248052008697,0.0005908668869247236,0.0007820958460627967,0.6070603397421722,10.038389092361449,business
arrived,454.9151025842555,831.8308208054265,426329.03884425946,1389642.0294634602,buenos_aires,0.0010670516458777717,0.0005985935968895499,0.0008328226213836608,0.56097902964869,1.828540789435237,business
arrived,443.59031013736336,430.7603117803152,462327.7718945457,781590.8291296656,rio,0.0009594714769558419,0.0005511327611916647,0.0007553021190737533,0.5744128662795357,0.9710769192567006,business
explained,13.862943611198906,211.76323917775287,84514.0564071704,2853026.5324875396,tokyo,0.00016403121800721824,7.422406934053906e-05,0.00011912764367387864,0.45249965367734335,15.275488750216375,business
explained,2.0794415416798357,21.48756259735829,43668.014642809925,731101.7502038936,belize,4.761932867085869e-05,2.9390659496254416e-05,3.8504994083556556e-05,0.6172002066513894,10.333333333333329,business
explained,11.090354888959125,36.85458360533347,87073.80064826667,687378.7602901421,santiago,0.00012736729999599363,5.361612219408288e-05,9.049171109503825e-05,0.42095673061900024,3.323120312590143,business
explained,18.021826694558573,158.1553402033242,127663.46986001555,1754380.2429810097,taipei,0.00014116666822795677,9.014883793640404e-05,0.0001156577530821804,0.6385986087794546,8.775766346209338,business
explained,5.950642552587727,62.09556417794333,66646.38555703015,1005817.8299164908,singapore,8.928680081976369e-05,6.173639234760721e-05,7.551159658368545e-05,0.691439180044424,10.43510236570001,business
explained,2.0794415416798357,14.961555899867017,38248.1365823982,359974.8375552003,beijing,5.4367133342563814e-05,4.156278255858019e-05,4.7964957950572006e-05,0.7644836135960263,7.194987500240386,business
explained,39.22170721946509,94.09811751935727,275248.1164482747,1793142.50649448,hong_kong,0.0001424958242242349,5.247665323784847e-05,9.748623873104168e-05,0.3682680073155683,2.39913364792693,business
explained,13.16979643063896,136.38009553351404,183693.4666221797,3037567.0604034513,mexico_city,7.169441936509679e-05,4.489780565219849e-05,5.829611250864764e-05,0.6262385001482588,10.355520394850725,business
explained,64.46268779207496,108.94189038356795,426329.03884425946,1389642.0294634602,buenos_aires,0.00015120407459653145,7.839565015576734e-05,0.0001147998623761494,0.5184757776201204,1.689999193563897,business
explained,57.64899902213187,60.42158774437166,462327.7718945457,781590.8291296656,rio,0.00012469291815608532,7.730590673850875e-05,0.00010099941244729703,0.6199703069082118,1.0480943081279759,business
moment,20.101268236238404,184.56060009911954,84514.0564071704,2853026.5324875396,tokyo,0.0002378452661104663,6.468940894783831e-05,0.00015126733752915232,0.2719810656975345,9.181540086430724,social
moment,11.090354888959125,102.19386864814221,43668.014642809925,731101.7502038936,belize,0.00025396975291124636,0.00013978063740052848,0.00019687519515588744,0.5503830113555963,9.214661719245806,social
moment,10.39720770839918,60.133905671919884,87073.80064826667,687378.7602901421,santiago,0.00011940684374624402,8.748292665682221e-05,0.00010344488520153312,0.732645834293514,5.783659166810902,social
moment,11.090354888959125,122.63493495797148,127663.46986001555,1754380.2429810097,taipei,8.68717958325888e-05,6.990214091193396e-05,7.838696837226137e-05,0.8046586379616559,11.057800781475377,social
moment,14.386191754963455,57.93668109458366,66646.38555703015,1005817.8299164908,singapore,0.00021585854408643075,5.7601564986568116e-05,0.00013673005453649945,0.2668486680958257,4.027242378066775,social
moment,7.6246189861593985,26.745057969386064,38248.1365823982,359974.8375552003,beijing,0.00019934615558940067,7.429702073352514e-05,0.00013682158816146292,0.37270355434672625,3.50772386370192,social
moment,29.805328764077615,121.94178777741155,275248.1164482747,1793142.50649448,hong_kong,0.00010828531416918417,6.800451572351756e-05,8.814491494635086e-05,0.6280123601734933,4.091274709386192,social
moment,23.97246924714629,313.9049918247561,183693.4666221797,3037567.0604034513,mexico_city,0.00013050256869751828,0.0001033409256759135,0.00011692174718671589,0.7918689011818562,13.094395432882814,social
moment,80.06527487136294,152.55804675770557,426329.03884425946,1389642.0294634602,buenos_aires,0.00018780159824067548,0.00010978226300237056,0.00014879193062152302,0.5845651156902301,1.905420883183294,social
moment,76.48175593290682,96.53090816800625,462327.7718945457,781590.8291296656,rio,0.00016542756153171753,0.00012350568170752142,0.0001444666216196195,0.7465846716470013,1.262142938411187,social
conversation,15.942385152878742,137.2431417508694,84514.0564071704,2853026.5324875396,tokyo,0.00018863590070830095,4.8104404283688096e-05,0.00011837015249599453,0.25501192563590974,8.608695652173926,social
conversation,9.704060527839234,79.13656161949022,43668.014642809925,731101.7502038936,belize,0.00022222353379734055,0.00010824288356226776,0.00016523320867980416,0.487090101181548,8.154994642960173,social
conversation,13.575261538747124,70.53111338031908,87073.80064826667,687378.7602901421,santiago,0.0001559052371399773,0.00010260880529760324,0.00012925702121879026,0.6581485470271751,5.195562028695064,social
conversation,6.931471805599453,89.12830421978127,127663.46986001555,1754380.2429810097,taipei,5.4294872395368e-05,5.080329910027723e-05,5.2549085747822614e-05,0.9356923933872502,12.85849625007213,social
conversation,15.249237972318797,55.164092372343866,66646.38555703015,1005817.8299164908,singapore,0.00022880817684058546,5.484501341254204e-05,0.00014182659512656376,0.2396986601171753,3.6174982954873265,social
conversation,13.16979643063896,41.5888308335967,38248.1365823982,359974.8375552003,beijing,0.0003443251778362375,0.00011553260532333531,0.0002299288915797864,0.3355334223577548,3.157894736842104,social
conversation,16.75331536909507,94.38579959180906,275248.1164482747,1793142.50649448,hong_kong,6.086623074946053e-05,5.2637087822054605e-05,5.6751659285757565e-05,0.864799531265884,5.6338579864569995,social
conversation,24.95329850015801,236.19328953414643,183693.4666221797,3037567.0604034513,mexico_city,0.0001358420577443938,7.775739097683497e-05,0.00010679972436061438,0.5724102849144599,9.46541354172679,social
conversation,37.42994775023702,86.06803342508971,426329.03884425946,1389642.0294634602,buenos_aires,8.779591428185684e-05,6.193539890148581e-05,7.486565659167133e-05,0.7054473936298521,2.2994430555822696,social
conversation,51.00520928898419,61.69009906983517,462327.7718945457,781590.8291296656,rio,0.00011032261609544448,7.892889318894606e-05,9.462575464219527e-05,0.7154371060296607,1.2094862452247332,social
girlfriend,8.030084094267563,90.63238161655754,84514.0564071704,2853026.5324875396,tokyo,9.501477547806201e-05,3.176710086097083e-05,6.339093816951641e-05,0.3343385352555566,11.286604293628418,social
girlfriend,5.545177444479562,65.20907948715372,43668.014642809925,731101.7502038936,belize,0.00012698487645562318,8.919289205499488e-05,0.00010808888425530903,0.7023898793661835,11.759601949631362,social
girlfriend,10.802672816507343,46.96410924128087,87073.80064826667,687378.7602901421,santiago,0.0001240634121409789,6.832348037849956e-05,9.619344625973922e-05,0.5507141807518601,4.347452712769009,social
girlfriend,11.208137924615508,63.59964157471962,127663.46986001555,1754380.2429810097,taipei,8.77944014595981e-05,3.625191393323737e-05,6.202315769641773e-05,0.41291828784686285,5.674416393024659,social
girlfriend,4.852030263919617,39.914854400025035,66646.38555703015,1005817.8299164908,singapore,7.280260172200447e-05,3.9683979755398664e-05,5.624329073870157e-05,0.5450901316264944,8.226423214388735,social
girlfriend,2.772588722239781,27.03274004183784,38248.1365823982,359974.8375552003,beijing,7.248951112341841e-05,7.50961934601679e-05,7.379285229179316e-05,1.0359594415295674,9.749999999999991,social
girlfriend,26.16969382448251,96.70080720480165,275248.1164482747,1793142.50649448,hong_kong,9.507674080451114e-05,5.392812163816682e-05,7.450243122133898e-05,0.5672062502547213,3.6951447675836095,social
girlfriend,25.69969019523677,254.85614740812596,183693.4666221797,3037567.0604034513,mexico_city,0.00013990530348091166,8.390140607275213e-05,0.0001119033547768319,0.5997013979116198,9.916701153672332,social
girlfriend,53.89558104688034,83.98859188340985,426329.03884425946,1389642.0294634602,buenos_aires,0.00012641780440991428,6.0439012423823846e-05,9.342840841686906e-05,0.4780894012986349,1.5583576659161262,social
girlfriend,64.86815290018313,59.728440563811716,462327.7718945457,781590.8291296656,rio,0.00014030771423132068,7.641906524200374e-05,0.0001083633897366622,0.5446533404144419,0.9207667845224415,social
daughter,15.654703080426962,244.70805680441782,84514.0564071704,2853026.5324875396,tokyo,0.00018523194538203205,8.577139189485843e-05,0.00013550166863844523,0.46304859411781824,15.631600008458527,social
daughter,6.931471805599453,78.50908147344764,43668.014642809925,731101.7502038936,belize,0.00015873109556952897,0.00010738461705440124,0.0001330578563119651,0.676519094567476,11.32646625064905,social
daughter,11.901285105175454,55.805123551764794,87073.80064826667,687378.7602901421,santiago,0.0001366804367854634,8.118540574080218e-05,0.00010893292126313279,0.5939797066074098,4.688999806205557,social
daughter,10.514990744055563,115.93902922368477,127663.46986001555,1754380.2429810097,taipei,8.236491422006131e-05,6.608546219528976e-05,7.422518820767553e-05,0.8023496754786102,11.02607049742089,social
daughter,10.39720770839918,112.64432087106023,66646.38555703015,1005817.8299164908,singapore,0.000156005575118581,0.00011199276600655672,0.00013399917056256886,0.7178766907620461,10.834093540332251,social
daughter,4.852030263919617,26.575158932590668,38248.1365823982,359974.8375552003,beijing,0.00012685664446598224,7.38250459756524e-05,0.00010034084522081732,0.5819564776163478,5.477121428983514,social
daughter,39.10505269718852,105.65960455094194,275248.1164482747,1793142.50649448,hong_kong,0.00014207200834574006,5.892426517594641e-05,0.00010049813676084324,0.4147492941223929,2.7019425179943153,social
daughter,39.339490255121454,226.11086596495565,183693.4666221797,3037567.0604034513,mexico_city,0.0002141583529262629,7.443814785604222e-05,0.00014429825039115256,0.3475846112884147,5.747681642507281,social
daughter,57.19141791288469,162.20999128440582,426329.03884425946,1389642.0294634602,buenos_aires,0.0001341485395128739,0.00011672789671382851,0.0001254382181133512,0.8701391542367589,2.836264551641085,social
daughter,67.06537747751935,49.73669796352068,462327.7718945457,781590.8291296656,rio,0.00014506023984390144,6.363521181396742e-05,0.00010434772582893443,0.4386812808419794,0.7416151199654796,social
prompt,13.16979643063896,614.6516501198693,84514.0564071704,2853026.5324875396,tokyo,0.0001558296571068573,0.00021543846267141356,0.00018563405988913543,1.3825254234094901,46.6713098685344,business
prompt,2.772588722239781,66.94759444186296,43668.014642809925,731101.7502038936,belize,6.349243822781159e-05,9.157083049410325e-05,7.753163436095741e-05,1.4422320681014968,24.146240625180308,business
prompt,18.021826694558573,133.08425866750972,87073.80064826667,687378.7602901421,santiago,0.0002069718624934896,0.00019361124660199704,0.00020029155454774332,0.9354471872140938,7.384615384615398,business
prompt,46.44086109751633,656.8158450983661,127663.46986001555,1754380.2429810097,taipei,0.00036377564504896557,0.00037438625276714076,0.0003690809489080532,1.0291679991846265,14.143059141801588,business
prompt,15.249237972318797,308.2805963123809,66646.38555703015,1005817.8299164908,singapore,0.00022880817684058546,0.0003064974462999689,0.0002676528115702772,1.3395388684623404,20.216131250098382,business
prompt,0.6931471805599453,63.076393430955065,38248.1365823982,359974.8375552003,beijing,1.8122377780854604e-05,0.00017522445140705873,9.667341459395667e-05,9.668954787609312,91.00000000000006,business
prompt,89.12830421978127,466.1482544432535,275248.1164482747,1793142.50649448,hong_kong,0.0003238107688796137,0.00025996163314122436,0.000291886201010419,0.8028196036861048,5.230081044667692,business
prompt,32.57791748631739,492.65774634132686,183693.4666221797,3037567.0604034513,mexico_city,0.00017734935316629185,0.00016218826993597032,0.00016976881155113108,0.9145128924371903,15.122444414939702,business
prompt,87.74200985866138,268.65342398480755,426329.03884425946,1389642.0294634602,buenos_aires,0.0002058081947608407,0.00019332563227706523,0.00019956691351895295,0.9393485643354443,3.06185628090314,business
prompt,54.06548008367576,96.4652411334889,462327.7718945457,781590.8291296656,rio,0.00011694188272991696,0.00012342166455676945,0.0001201817736433432,1.0554102745362657,1.7842298077108003,business
communicating,4.852030263919617,210.429060817772,84514.0564071704,2853026.5324875396,tokyo,5.7410926302526376e-05,7.375643318476256e-05,6.558367974364447e-05,1.2847107325198635,43.36928035724597,business
communicating,4.1588830833596715,50.31206210842423,43668.014642809925,731101.7502038936,belize,9.523865734171738e-05,6.881677152926105e-05,8.202771443548921e-05,0.7225718363746529,12.097493750120194,business
communicating,7.6246189861593985,70.70101241711448,87073.80064826667,687378.7602901421,santiago,8.756501874724562e-05,0.00010285597475731084,9.521049675227823e-05,1.1746240248540596,9.27272727272728,business
communicating,7.6246189861593985,143.19378430345714,127663.46986001555,1754380.2429810097,taipei,5.97243596349048e-05,8.162072325902677e-05,7.067254144696578e-05,1.366623665083636,18.780451136429228,business
communicating,1.3862943611198906,65.84898215319485,66646.38555703015,1005817.8299164908,singapore,2.0800743349144135e-05,6.546809988311903e-05,4.3134421616131585e-05,3.147392320756305,47.500000000000036,business
communicating,1.3862943611198906,42.9751251947166,38248.1365823982,359974.8375552003,beijing,3.624475556170921e-05,0.0001193836921674465,7.781422386457786e-05,3.2938197628119603,30.999999999999993,business
communicating,13.862943611198906,183.10863870348228,275248.1164482747,1793142.50649448,hong_kong,5.036526240427176e-05,0.0001021160549372354,7.624065867075357e-05,2.0275096378446418,13.208496250072141,business
communicating,8.317766166719343,369.56523027410805,183693.4666221797,3037567.0604034513,mexico_city,4.528068591479797e-05,0.00012166487946607579,8.347278269043688e-05,2.6869045158681013,44.43082708345363,business
communicating,16.635532333438686,148.04581456737677,426329.03884425946,1389642.0294634602,buenos_aires,3.902040634749195e-05,0.0001065352165726717,7.277781146008183e-05,2.730243648001356,8.899373437530064,business
communicating,23.567004139038122,79.42424369194201,462327.7718945457,781590.8291296656,rio,5.0974666830989376e-05,0.00010161869962111026,7.629668322604982e-05,1.9935137576874267,3.3701459559035696,business
amenity,44.07373748338471,3992.636168292655,84514.0564071704,2853026.5324875396,tokyo,0.0005214959422968293,0.0013994388495263993,0.0009604673959116143,2.6835086067263307,90.5899158154634,business
amenity,13.862943611198906,588.3256082919718,43668.014642809925,731101.7502038936,belize,0.00031746219113905794,0.0008047109832904877,0.0005610865872147728,2.534824636606884,42.43872187554052,business
amenity,38.528560038905134,548.8683350011969,87073.80064826667,687378.7602901421,santiago,0.00044248166213096274,0.0007984947553071321,0.0006204882087190475,1.8045827062338213,14.245752616940887,business
amenity,86.47349853319785,2201.5553166263394,127663.46986001555,1754380.2429810097,taipei,0.0006773550697628463,0.001254890623303816,0.0009661228465333311,1.8526333961642523,25.45930665429415,business
amenity,37.42994775023702,1303.143801519395,66646.38555703015,1005817.8299164908,singapore,0.0005616200704268912,0.0012956061850957544,0.0009286131277613228,2.306908626166005,34.81553888920786,business
amenity,13.16979643063896,296.8504433498309,38248.1365823982,359974.8375552003,beijing,0.0003443251778362375,0.0008246422037882312,0.0005844836908122344,2.394951798094865,22.540245395078486,business
amenity,167.28403658625987,1644.303548423897,275248.1164482747,1793142.50649448,hong_kong,0.0006077572437001446,0.000916995466042709,0.0007623763548714268,1.5088186534147447,9.829410994491475,business
amenity,103.278929903432,3020.7918740406312,183693.4666221797,3037567.0604034513,mexico_city,0.0005622351834420757,0.0009944774268257333,0.0007783563051339045,1.7687925909179418,29.248868833799264,business
amenity,191.0209397620935,1224.294921972362,426329.03884425946,1389642.0294634602,buenos_aires,0.00044805988416818723,0.0008810146037717796,0.0006645372439699834,1.9662876211454698,6.409218400334313,business
amenity,181.7223443423624,633.2623919927082,462327.7718945457,781590.8291296656,rio,0.0003930595464721773,0.0008102223930875348,0.0006016409697798561,2.0613222611167044,3.4847800048168573,business
pillow,3.4657359027997265,434.03468914646163,84514.0564071704,2853026.5324875396,tokyo,4.100780450180456e-05,0.00015213131886580421,9.656956168380438e-05,3.7098137955449344,125.2359387210766,business
pillow,0.6931471805599453,54.01336408253675,43668.014642809925,731101.7502038936,belize,1.5873109556952898e-05,7.38794074388048e-05,4.4876258497878846e-05,4.654375198112547,77.92481250360582,business
pillow,9.010913347279288,79.94749183570656,87073.80064826667,687378.7602901421,santiago,0.00010348593124674481,0.00011630777157263453,0.00010989685140968966,1.1238993568634774,8.872296154068058,business
pillow,15.942385152878742,355.1551530981419,127663.46986001555,1754380.2429810097,taipei,0.0001248782065093464,0.00020243909752122436,0.0001636586520152854,1.6210922880772873,22.27741644003695,business
pillow,6.238324625039508,157.0702789480344,66646.38555703015,1005817.8299164908,singapore,9.360334507114861e-05,0.00015616175640978183,0.0001248825507404652,1.6683352105748155,25.178279167708375,business
pillow,37.54773078589341,301.5596766437118,275248.1164482747,1793142.50649448,hong_kong,0.0001364141243558681,0.0001681738487328866,0.00015229398654437735,1.2328184455017712,8.031368882537292,business
pillow,15.772486116083344,365.29194969523127,183693.4666221797,3037567.0604034513,mexico_city,8.586307616766881e-05,0.00012025806918208844,0.00010306057267487863,1.4005795570060282,23.16007425885383,business
pillow,25.646445680717953,156.71692984106525,426329.03884425946,1389642.0294634602,buenos_aires,6.0156459785716714e-05,0.00011277503595769448,8.64657478717056e-05,1.8746953587264006,6.110668581217531,business
pillow,22.5861748860264,62.90649439415965,462327.7718945457,781590.8291296656,rio,4.885316491689834e-05,8.048520024756264e-05,6.466918258223049e-05,1.6474920383248857,2.7851769815648866,business
parking,21.317663560562895,250.88297142169952,87073.80064826667,687378.7602901421,santiago,0.00024482293642694294,0.0003649850503320789,0.00030490399337951095,1.4908123219941578,11.76878369944004,business
parking,1.3862943611198906,67.94197472825304,127663.46986001555,1754380.2429810097,taipei,1.08589744790736e-05,3.872705190341595e-05,2.4793013191244773e-05,3.5663636541412913,49.009775004326976,business
parking,2.4849066497880004,82.66796455680732,66646.38555703015,1005817.8299164908,singapore,3.728494244690336e-05,8.218979828948838e-05,5.973737036819587e-05,2.204369723958486,33.26803627164833,business
parking,2.772588722239781,4.852030263919617,275248.1164482747,1793142.50649448,hong_kong,1.0073052480854352e-05,2.705881014111442e-06,6.389466747482897e-06,0.2686257238562447,1.75,business
parking,18.54507483832312,433.08887042668607,183693.4666221797,3037567.0604034513,mexico_city,0.00010095663813926811,0.00014257755032712362,0.00012176709423319587,1.4122652354017584,23.353309393592436,business
parking,4.852030263919617,64.24067275414053,426329.03884425946,1389642.0294634602,buenos_aires,1.138095185135182e-05,4.622821661413322e-05,2.8804584232742517e-05,4.0618936990443615,13.239957143681329,business
parking,23.279322066586346,73.13380306576346,462327.7718945457,781590.8291296656,rio,5.035241982369215e-05,9.357044676074441e-05,7.196143329221828e-05,1.8583108237574122,3.1415778714078213,business
check,43.68182340865491,3661.4949761796192,84514.0564071704,2853026.5324875396,tokyo,0.0005168586773093147,0.0012833722135024031,0.0009001154454058588,2.483023444983913,83.82193531449853,business
check,18.54507483832312,512.8800142589755,43668.014642809925,731101.7502038936,belize,0.00042468326050579047,0.0007015166002761459,0.0005630999303909681,1.6518583742638022,27.655861123791023,business
check,61.93921617452627,1227.9842454895156,87073.80064826667,687378.7602901421,santiago,0.0007113415942957264,0.0017864739448323719,0.0012489077695640493,2.5114149926816736,19.825634248089635,business
check,122.24414939662144,3174.0654258198924,127663.46986001555,1754380.2429810097,taipei,0.0009575499516867554,0.001809223193500276,0.0013833865725935157,1.8894295700326342,25.964967988133562,business
check,50.783194251049764,1980.069880340904,66646.38555703015,1005817.8299164908,singapore,0.000761979720679585,0.0019686168026125583,0.0013652982616460716,2.5835553744879363,38.990652509023164,business
check,16.988881440407837,325.06327077499213,38248.1365823982,359974.8375552003,beijing,0.0004441754019521601,0.0009030166468931188,0.0006735960244226394,2.0330181341072513,19.133883058471014,business
check,275.8622434752345,3071.497588777563,275248.1164482747,1793142.50649448,hong_kong,0.001002231176128957,0.0017129132668781662,0.0013575722215035616,1.709099963836852,11.13417171586697,business
check,82.56373255452927,4205.091520621951,183693.4666221797,3037567.0604034513,mexico_city,0.0004494647200727403,0.001384361706919296,0.0009169132134960182,3.080023069875772,50.931460951631465,business
check,394.62806555467233,2445.750663350362,426329.03884425946,1389642.0294634602,buenos_aires,0.0009256420032387996,0.001759986105410661,0.0013428140543247304,1.9013680226831875,6.197609538776011,business
check,316.1837511999172,1107.1602229858372,462327.7718945457,781590.8291296656,rio,0.0006838952155183031,0.0014165471007620532,0.001050221158140178,2.0712926024617615,3.5016354217576477,business
quick,44.30930355469747,3611.4334495647313,84514.0564071704,2853026.5324875396,tokyo,0.0005242832427924753,0.0012658253992527508,0.0008950543210226131,2.4143922520022194,81.50508267652208,business
quick,20.50673334434657,580.3882932989796,43668.014642809925,731101.7502038936,belize,0.00046960535101228993,0.0007938543344166771,0.0006317298427144835,1.6904712280331347,28.302327998963563,business
quick,59.32297545570354,754.8122656953815,87073.80064826667,687378.7602901421,santiago,0.0006812953496234513,0.001098102398998735,0.0008896988743110931,1.611786135933044,12.723776241786789,business
quick,69.95574923541552,2340.395304875292,127663.46986001555,1754380.2429810097,taipei,0.0005479699816409721,0.0013340296747178003,0.0009409998281793863,2.434494077071272,33.45536757814399,business
quick,30.21079387218578,1136.9854792885744,66646.38555703015,1005817.8299164908,singapore,0.0004532998094297855,0.0011304089522681995,0.0007918543808489925,2.493733570482111,37.63507453987711,business
quick,9.704060527839234,335.9022515325007,38248.1365823982,359974.8375552003,beijing,0.0002537132889319645,0.0009331270313608844,0.0005934201601464244,3.6778800010397203,34.614608036384,business
quick,172.31951692035324,2208.330440428523,275248.1164482747,1793142.50649448,hong_kong,0.0006260515753710378,0.0012315420734438551,0.0009287968244074465,1.9671575344474859,12.81532399750878,business
quick,91.84877694088203,3671.475545754379,183693.4666221797,3037567.0604034513,mexico_city,0.0005000111252176235,0.0012086895442126409,0.0008543503347151322,2.4173253018851812,39.97304774256825,business
quick,251.39041150532623,1336.3763012185098,426329.03884425946,1389642.0294634602,buenos_aires,0.0005896628861754844,0.0009616694608283284,0.0007756661735019064,1.6308800899199452,5.315939829273066,business
quick,225.50839975329544,643.2676856263774,462327.7718945457,781590.8291296656,rio,0.0004877673664923867,0.0008230235842745022,0.0006553954753834444,1.687328101084328,2.8525220627263006,business
reply,8.317766166719343,975.5072001525,84514.0564071704,2853026.5324875396,tokyo,9.841873080433093e-05,0.0003419201290434408,0.00022016942992388587,3.474136744592063,117.27995000095744,business
reply,0.6931471805599453,32.695700521973784,43668.014642809925,731101.7502038936,belize,1.5873109556952898e-05,4.472113561874996e-05,3.0297122587851428e-05,2.817414915350393,47.16992500144227,business
reply,9.704060527839234,98.13921756706058,87073.80064826667,687378.7602901421,santiago,0.00011144638749649442,0.0001427731306763626,0.0001271097590864285,1.281092495536058,10.113211607194382,business
reply,41.118827204350964,885.2802836440575,127663.46986001555,1754380.2429810097,taipei,0.00032208765161591035,0.0005046114074676343,0.00041334952954177233,1.5666897036753944,21.52980383522179,business
reply,13.862943611198906,298.40663674774623,66646.38555703015,1005817.8299164908,singapore,0.00020800743349144133,0.00029668059948044647,0.0002523440164859439,1.4262980630096265,21.52548875021639,business
reply,2.0794415416798357,96.75292320594069,38248.1365823982,359974.8375552003,beijing,5.4367133342563814e-05,0.0002687769063611401,0.00016157201985185195,4.943738796518736,46.52832083357379,business
reply,69.43250109165098,701.9147345268046,275248.1164482747,1793142.50649448,hong_kong,0.0002522542278856935,0.0003914439214867641,0.0003218490746862288,1.5517833923645596,10.109310819730899,business
reply,6.238324625039508,308.80384445614544,183693.4666221797,3037567.0604034513,mexico_city,3.396051443609848e-05,0.00010166157267162686,6.781104355386267e-05,2.993522753105449,49.50108611159198,business
reply,42.9751251947166,161.50329307046755,426329.03884425946,1389642.0294634602,buenos_aires,0.00010080271639768753,0.0001162193497650786,0.00010851103308138306,1.1529386698922803,3.75806451612904,business
reply,36.73680056967707,84.6817390639698,462327.7718945457,781590.8291296656,rio,7.946051006007168e-05,0.00010834535911618423,9.390293458812795e-05,1.363512001549899,2.3050929245555194,business
responsive,24.260151319598066,2720.564118730069,84514.0564071704,2853026.5324875396,tokyo,0.00028705463151263165,0.0009535712646731058,0.0006203129480928687,3.3219156215953425,112.14126750035219,business
responsive,12.476649250079015,428.71830669301636,43668.014642809925,731101.7502038936,belize,0.0002857159720251522,0.000586400328782489,0.0004360581504038206,2.052389037357936,34.36165416690714,business
responsive,73.47360113935427,774.7686488292039,87073.80064826667,687378.7602901421,santiago,0.0008438083624734586,0.0011271349852331406,0.0009854716738532997,1.3357712904493688,10.544857429265416,business
responsive,120.3199273449789,2900.259137531937,127663.46986001555,1754380.2429810097,taipei,0.000942477338873141,0.0016531531001534032,0.001297815219513272,1.7540507680852795,24.10456190865518,business
responsive,17.04099744154685,1090.3861820552672,66646.38555703015,1005817.8299164908,singapore,0.00025569274761291674,0.0010840791936903701,0.0006698859706516434,4.239772945502214,63.98605397339291,business
responsive,15.942385152878742,387.7048400043231,38248.1365823982,359974.8375552003,beijing,0.0004168146889596559,0.0010770331688666171,0.0007469239289131365,2.583961643853834,24.319123913168955,business
responsive,185.07029720950575,2418.587514077171,275248.1164482747,1793142.50649448,hong_kong,0.0006723762530970294,0.0013487982719262008,0.0010105872625116152,2.0060171157346898,13.068480196685744,business
responsive,117.95280373084726,4399.615707151361,183693.4666221797,3037567.0604034513,mexico_city,0.0006421175771779207,0.0014484011775420694,0.001045259377359995,2.2556634937603337,37.299797613888884,business
responsive,311.5764331783853,1718.037729568938,426329.03884425946,1389642.0294634602,buenos_aires,0.0007308355865766066,0.0012363167586635754,0.000983576172620091,1.6916482740731782,5.514016936529081,business
responsive,271.13833063459555,777.6069045859612,462327.7718945457,781590.8291296656,rio,0.0005864634294485789,0.0009949028002949564,0.0007906831148717676,1.696444740348792,2.8679342487872623,business
communicator,2.0794415416798357,37.42994775023702,87073.80064826667,687378.7602901421,santiago,2.38813687492488e-05,5.445316310681154e-05,3.916726592803017e-05,2.280152518834348,17.99999999999999,business
communicator,2.0794415416798357,49.21344981975612,127663.46986001555,1754380.2429810097,taipei,1.6288461718610398e-05,2.805175788809247e-05,2.2170109803351435e-05,1.7221858253220994,23.66666666666667,business
communicator,5.545177444479562,88.02969193111316,275248.1164482747,1793142.50649448,hong_kong,2.0146104961708704e-05,4.909241268459337e-05,3.461925882315104e-05,2.4368190664102234,15.87500000000002,business
communicator,9.010913347279288,243.98780755710126,183693.4666221797,3037567.0604034513,mexico_city,4.9054076407697804e-05,8.032343079355577e-05,6.468875360062678e-05,1.6374466033357225,27.076923076923137,business
communicator,7.6246189861593985,87.33654475055322,426329.03884425946,1389642.0294634602,buenos_aires,1.7884352909267148e-05,6.284823206180213e-05,4.036629248553464e-05,3.5141462696833727,11.45454545454547,business
communicator,6.931471805599453,30.49847594463756,462327.7718945457,781590.8291296656,rio,1.4992549067938065e-05,3.902102584622046e-05,2.700678745707926e-05,2.6026945564358956,4.399999999999995,business
timely,0.6931471805599453,157.34440998710787,84514.0564071704,2853026.5324875396,tokyo,8.201560900360912e-06,5.514999885049091e-05,3.1675779875425914e-05,6.724329614874166,227.00000000000043,business
timely,3.4657359027997265,41.5888308335967,43668.014642809925,731101.7502038936,belize,7.936554778476449e-05,5.688514741210534e-05,6.812534759843491e-05,0.7167486270790331,11.999999999999995,business
timely,2.0794415416798357,37.42994775023702,87073.80064826667,687378.7602901421,santiago,2.38813687492488e-05,5.445316310681154e-05,3.916726592803017e-05,2.280152518834348,17.99999999999999,business
timely,7.336936913707618,118.52816787575084,127663.46986001555,1754380.2429810097,taipei,5.747091882864106e-05,6.756127604033549e-05,6.251609743448828e-05,1.1755732710969957,16.154993462504,business
timely,0.6931471805599453,51.98603854199591,66646.38555703015,1005817.8299164908,singapore,1.0400371674572067e-05,5.168534201298869e-05,3.1042856843780375e-05,4.9695668222467955,75.00000000000001,business
timely,0.6931471805599453,29.11218158351767,38248.1365823982,359974.8375552003,beijing,1.8122377780854604e-05,8.087282372633467e-05,4.9497600753594634e-05,4.462594517358137,41.99999999999996,business
timely,14.556090791758852,113.67613761183121,275248.1164482747,1793142.50649448,hong_kong,5.2883525524485353e-05,6.339492661632532e-05,5.8139226070405336e-05,1.198765135031951,7.809523809523822,business
timely,6.931471805599453,181.60456130670602,183693.4666221797,3037567.0604034513,mexico_city,3.773390492899831e-05,5.978618996565798e-05,4.8760047447328145e-05,1.584415662204963,26.20000000000005,business
timely,21.48756259735829,71.79962470578259,426329.03884425946,1389642.0294634602,buenos_aires,5.040135819884375e-05,5.166771239173327e-05,5.103453529528851e-05,1.0251253981667219,3.3414504032490746,business
timely,22.87385695847818,36.73680056967707,462327.7718945457,781590.8291296656,rio,4.9475411924195576e-05,4.700259931476557e-05,4.823900561948057e-05,0.9500193628863816,1.606060606060606,business
communicative,6.931471805599453,425.3046867913556,84514.0564071704,2853026.5324875396,tokyo,8.201560900360912e-05,0.00014907140958851672,0.00011554350929606291,1.8175980328568528,61.35849625007226,business
communicative,3.4657359027997265,69.31471805599459,43668.014642809925,731101.7502038936,belize,7.936554778476449e-05,9.480857902017568e-05,8.708706340247008e-05,1.1945810451317234,20.000000000000018,business
communicative,6.238324625039508,171.2073535983068,87073.80064826667,687378.7602901421,santiago,7.164410624774641e-05,0.00024907280161819416,0.0001603584539329703,3.4765288404449715,27.444444444444496,business
communicative,7.6246189861593985,252.99872090438058,127663.46986001555,1754380.2429810097,taipei,5.97243596349048e-05,0.00014420974125568695,0.00010196705044529587,2.41458832103419,33.18181818181825,business
communicative,9.010913347279288,168.84022998417518,66646.38555703015,1005817.8299164908,singapore,0.00013520483176943687,0.00016786362794761088,0.00015153422985852386,1.2415505108121183,18.737304807747815,business
communicative,22.180709777918235,310.52993689085616,275248.1164482747,1793142.50649448,hong_kong,8.058441984683477e-05,0.00017317638490313268,0.00012688040237498373,2.1490057908499636,14.000000000000039,business
communicative,17.32867951399863,1286.598950154855,183693.4666221797,3037567.0604034513,mexico_city,9.433476232249576e-05,0.00042356231963615256,0.00025894854097932416,4.489991909749549,74.24679700005424,business
communicative,38.816242111356914,359.8611697462688,426329.03884425946,1389642.0294634602,buenos_aires,9.104761481081452e-05,0.0002589596184603102,0.00017500361663556237,2.8442218832244612,9.270891517882925,business
communicative,36.043653389117125,183.68400284838586,462327.7718945457,781590.8291296656,rio,7.796125515327787e-05,0.00023501299657382847,0.00015648712586355316,3.014484516851027,5.09615384615386,business
respond,11.090354888959125,1298.9057003681378,84514.0564071704,2853026.5324875396,tokyo,0.0001312249744057746,0.0004552729130197147,0.00029324894371274464,3.4694075200343897,117.1203007814699,business
respond,5.545177444479562,178.54429051201444,43668.014642809925,731101.7502038936,belize,0.00012698487645562318,0.00024421264271658633,0.00018559875958610477,1.9231632107145467,32.198120312590206,business
respond,17.32867951399863,292.6258932319539,87073.80064826667,687378.7602901421,santiago,0.00019901140624374,0.00042571273675729625,0.00031236207150051813,2.139137373040332,16.88679700005773,business
respond,25.646445680717953,805.3849078094959,127663.46986001555,1754380.2429810097,taipei,0.0002008910278628614,0.00045907089471151425,0.0003299809612871878,2.2851737063384423,31.40337331090745,business
respond,11.78350206951907,377.713097404032,66646.38555703015,1005817.8299164908,singapore,0.00017680631846772515,0.0003755283374081687,0.00027616732793794694,2.123953152029004,32.05440073550629,business
respond,2.772588722239781,128.63769351169825,38248.1365823982,359974.8375552003,beijing,7.248951112341841e-05,0.0003573519037756974,0.0002149207074495579,4.9297049771418795,46.39624062518036,business
respond,66.94759444186296,759.0981973918102,275248.1164482747,1793142.50649448,hong_kong,0.00024322634903277865,0.0004233340042090777,0.00033328017662092815,1.7404940126450965,11.33869265535759,business
respond,30.49847594463756,1494.2033062492317,183693.4666221797,3037567.0604034513,mexico_city,0.00016602918168759237,0.0004919079238536287,0.00032896855277061055,2.962779909252481,48.992720454674135,business
respond,105.8816195888764,569.1916182753682,426329.03884425946,1389642.0294634602,buenos_aires,0.00024835657424582703,0.0004095958572116106,0.0003289762157287188,1.6492249438349338,5.375735849956396,business
respond,68.62157087543464,263.10824654032797,462327.7718945457,781590.8291296656,rio,0.00014842623577258695,0.0003366316961949389,0.00024252896598376292,2.26800669330935,3.8341915404113296,business
communication,34.36967695554545,3277.0706237509426,84514.0564071704,2853026.5324875396,tokyo,0.00040667408969177624,0.0011486295645816097,0.000777651827136693,2.824447373699592,95.3477284057567,business
communication,10.39720770839918,457.2551241316305,43668.014642809925,731101.7502038936,belize,0.00023809664335429346,0.0006254329496600284,0.00043176479650716096,2.6268028849502483,43.978646667051386,business
communication,50.312062108424236,1261.7113186892173,87073.80064826667,687378.7602901421,santiago,0.0005778094183767063,0.001835540158611607,0.0012066747884941567,3.176722462863898,25.077710310704134,business
communication,56.14492162535559,1974.9212025175848,127663.46986001555,1754380.2429810097,taipei,0.00043978846640248097,0.0011257087569350622,0.0007827486116687716,2.559659570300891,35.17542006195786,business
communication,22.180709777918235,1357.7189787134516,66646.38555703015,1005817.8299164908,singapore,0.00033281189358630594,0.0013498656897205509,0.0008413387916534284,4.055941857049345,61.21170117221019,business
communication,11.090354888959125,460.14549588952667,38248.1365823982,359974.8375552003,beijing,0.00028995804449367366,0.0012782712786667087,0.0007841146615801912,4.408469787064653,41.490601562950815,business
communication,184.90039817271034,2453.493990209871,275248.1164482747,1793142.50649448,hong_kong,0.0006717589953334241,0.0013682649211223881,0.0010200119582279062,2.0368390012302804,13.269273697929682,business
communication,73.47360113935427,4122.318269959548,183693.4666221797,3037567.0604034513,mexico_city,0.0003999793922473825,0.0013571118556348907,0.0008785456239411366,3.392954442001685,56.10611438713779,business
communication,250.17401618100175,2270.777265581073,426329.03884425946,1389642.0294634602,buenos_aires,0.0005868097018659614,0.0016340735365191989,0.0011104416191925802,2.784673687778347,9.076791028282322,business
communication,241.33300187051785,1122.6118789479929,462327.7718945457,781590.8291296656,rio,0.000521995468456445,0.0014363165957283154,0.00097915603209238,2.751588246494827,4.651713069687447,business
communicate,7.6246189861593985,784.7082754283557,84514.0564071704,2853026.5324875396,tokyo,9.021716990397002e-05,0.00027504415626453094,0.0001826306630842505,3.048689695734155,102.91770340954723,business
communicate,2.0794415416798357,96.05977602538076,43668.014642809925,731101.7502038936,belize,4.761932867085869e-05,0.00013139043368257713,8.950488117671791e-05,2.7591828223942043,46.19498750024046,business
communicate,17.04099744154685,260.0479757456364,87073.80064826667,687378.7602901421,santiago,0.0001957075183887253,0.00037831831701618234,0.0002870129177024538,1.933080139848001,15.260138183673787,business
communicate,29.11218158351767,568.5641381293259,127663.46986001555,1754380.2429810097,taipei,0.00022803846406054535,0.0003240826157294342,0.0002760605398949898,1.421175226138116,19.530111012059212,business
communicate,5.950642552587727,278.4752675483032,66646.38555703015,1005817.8299164908,singapore,8.928680081976369e-05,0.00027686451687918863,0.00018307565884947616,3.1008448543035323,46.797512216089,business
communicate,1.3862943611198906,169.53337716473513,38248.1365823982,359974.8375552003,beijing,3.624475556170921e-05,0.00047095896567697746,0.0002536018606193433,12.993851341475795,122.29248125036081,business
communicate,60.0161226362635,644.980227027709,275248.1164482747,1793142.50649448,hong_kong,0.00021804371783064273,0.0003596926762327546,0.00028886819703169864,1.6496355859797454,10.746782675993684,business
communicate,31.884770305757446,1048.6274521848784,183693.4666221797,3037567.0604034513,mexico_city,0.00017357596267339202,0.00034521952316851867,0.00025939774292095536,1.9888671095438402,32.88803532624249,business
communicate,85.66256831698155,523.8493694665235,426329.03884425946,1389642.0294634602,buenos_aires,0.00020093064396740424,0.00037696713136172296,0.0002889488876645636,1.8761057244353234,6.115265742769901,business
communicate,88.72283911167311,235.78782442603827,462327.7718945457,781590.8291296656,rio,0.00019190462806960746,0.0003016768053542772,0.00024679071671194233,1.5720142259667302,2.6575775390737704,business
responds,4.1588830833596715,403.4116590858891,84514.0564071704,2853026.5324875396,tokyo,4.9209365402165464e-05,0.00014139779440962874,9.53035799058971e-05,2.8733919499682576,97.00000000000023,business
responds,4.852030263919617,58.91751034759538,87073.80064826667,687378.7602901421,santiago,5.572319374824721e-05,8.571331229775901e-05,7.071825302300311e-05,1.5381981277850778,12.14285714285715,business
responds,11.78350206951907,336.86952975213416,127663.46986001555,1754380.2429810097,taipei,9.230128307212559e-05,0.00019201625821990096,0.0001421587706460133,2.0803205744155973,28.58823529411771,business
responds,2.0794415416798357,101.8926355423121,66646.38555703015,1005817.8299164908,singapore,3.12011150237162e-05,0.00010130327034545795,6.625219268458708e-05,3.2467836572012434,49.00000000000007,business
responds,0.6931471805599453,58.224363167035435,38248.1365823982,359974.8375552003,beijing,1.8122377780854604e-05,0.00016174564745266958,8.99340126167621e-05,8.925189034716286,84.00000000000004,business
responds,17.32867951399863,297.7656055683253,275248.1164482747,1793142.50649448,hong_kong,6.295657800533969e-05,0.00016605797056835426,0.00011450727428684697,2.6376587773603255,17.183398500028886,business
responds,4.1588830833596715,241.90836601542142,183693.4666221797,3037567.0604034513,mexico_city,2.2640342957398984e-05,7.963885609929252e-05,5.113959952834575e-05,3.517564033775651,58.16666666666679,business
responds,16.635532333438686,108.13096016735163,426329.03884425946,1389642.0294634602,buenos_aires,3.902040634749195e-05,7.78120968384217e-05,5.841625159295683e-05,1.994138557796518,6.500000000000011,business
responds,15.942385152878742,68.62157087543464,462327.7718945457,781590.8291296656,rio,3.448286285625755e-05,8.77973081539962e-05,6.114008550512688e-05,2.546114239991642,4.30434782608696,business
checkin,18.714973875118517,1745.2196998723305,84514.0564071704,2853026.5324875396,tokyo,0.00022144214430974452,0.0006117081912836899,0.00041657516779671725,2.762383796410753,93.25258541731618,business
checkin,0.6931471805599453,161.04571196122038,43668.014642809925,731101.7502038936,belize,1.5873109556952898e-05,0.00022027811028534273,0.00011807560992114782,13.8774390421097,232.33985000288507,business
checkin,28.13135233050595,557.0818691656381,87073.80064826667,687378.7602901421,santiago,0.0003230748183847187,0.0008104438212936549,0.0005667593198391868,2.508532931615164,19.802882656356775,business
checkin,62.90649439415965,1550.5382801306605,127663.46986001555,1754380.2429810097,taipei,0.0004927525036185946,0.000883809702220549,0.0006882811029195717,1.7936178826696425,24.648302135790534,business
checkin,19.525904091334844,910.1575807220738,66646.38555703015,1005817.8299164908,singapore,0.00029297769005982,0.0009048930667670116,0.0005989353784134157,3.088607417794342,46.612826554135395,business
checkin,4.564348191467836,201.31391546821465,38248.1365823982,359974.8375552003,beijing,0.00011933517811082986,0.0005592444095133293,0.00033928979381207954,4.686333220150253,44.105731426128266,business
checkin,107.9089451294172,1551.8826239838777,275248.1164482747,1793142.50649448,hong_kong,0.00039204244709044436,0.0008654541501097672,0.0006287482986001057,2.2075521580195283,14.381408530337092,business
checkin,35.468289244213565,2121.466156333957,183693.4666221797,3037567.0604034513,mexico_city,0.00019308410852283964,0.0006984096529056325,0.0004457468807142361,3.6171265374903636,59.81303867595083,business
checkin,164.8647969709892,1075.9375399115465,426329.03884425946,1389642.0294634602,buenos_aires,0.00038670787572416644,0.0007742551801826009,0.0005804815279533837,2.002170705038515,6.526181208356301,business
checkin,122.87050102928426,491.8093796707296,462327.7718945457,781590.8291296656,rio,0.0002657649150640042,0.0006292414922759266,0.0004475032036699654,2.3676620073209675,4.002664395040715,business
walkable,2.772588722239781,579.418926946971,84514.0564071704,2853026.5324875396,tokyo,3.280624360144365e-05,0.00020308921783555184,0.00011794773071849774,6.190566049037533,208.98120312589992,business
walkable,5.545177444479562,197.78251253089755,87073.80064826667,687378.7602901421,santiago,6.368364999799681e-05,0.00028773439616815286,0.00017570902308307483,4.518183178527042,35.667481250360645,business
walkable,7.6246189861593985,462.56473550479734,127663.46986001555,1754380.2429810097,taipei,5.97243596349048e-05,0.0002636627591740409,0.00016169355940447286,4.4146602958292425,60.667259091171466,business
walkable,4.1588830833596715,257.79863516716114,66646.38555703015,1005817.8299164908,singapore,6.24022300474324e-05,0.0002563074818315412,0.0001593548559394868,4.107344907973961,61.98746875060109,business
walkable,2.772588722239781,54.7586272642357,38248.1365823982,359974.8375552003,beijing,7.248951112341841e-05,0.00015211793034239162,0.00011230372073290501,2.09848194566246,19.750000000000007,business
walkable,17.32867951399863,319.89419934510465,275248.1164482747,1793142.50649448,hong_kong,6.295657800533969e-05,0.00017839864828729353,0.00012067761314631661,2.8336776543376065,18.46039100017312,business
walkable,23.972469247146286,1286.9522992618245,183693.4666221797,3037567.0604034513,mexico_city,0.00013050256869751828,0.0004236786459920627,0.00027709060734479047,3.2465157599623526,53.68459485728717,business
walkable,36.44911849722529,317.17372662400385,426329.03884425946,1389642.0294634602,buenos_aires,8.549527518940687e-05,0.00022824131675584422,0.00015686829597262553,2.669636611499252,8.701821599557993,business
walkable,9.010913347279288,79.42424369194201,462327.7718945457,781590.8291296656,rio,1.949031378831948e-05,0.00010161869962111026,6.055450670471487e-05,5.213805212413266,8.814227884670867,business
transit,0.6931471805599453,397.06910245857154,84514.0564071704,2853026.5324875396,tokyo,8.201560900360912e-06,0.00013917469674295981,7.368812882166036e-05,16.969293825134603,572.8496250072129,business
transit,4.1588830833596715,79.7119257643938,87073.80064826667,687378.7602901421,santiago,4.77627374984976e-05,0.00011596506957932107,8.186390353890934e-05,2.4279401820921342,19.16666666666669,business
transit,3.4657359027997265,230.47821305287144,127663.46986001555,1754380.2429810097,taipei,2.7147436197684e-05,0.00013137300991331686,7.926022305550043e-05,4.839241870085859,66.50195500086552,business
transit,8.317766166719343,131.9335303777026,66646.38555703015,1005817.8299164908,singapore,0.0001248044600948648,0.00013117040328133428,0.00012798743168809953,1.0510073372508537,15.86165416690708,business
transit,1.3862943611198906,46.15317902506455,38248.1365823982,359974.8375552003,beijing,3.624475556170921e-05,0.0001282122365510817,8.222849605639545e-05,3.5374010546930434,33.29248125036058,business
transit,15.249237972318797,208.87286741985673,275248.1164482747,1793142.50649448,hong_kong,5.5401788644698944e-05,0.00011648425413114243,8.594302138792069e-05,2.1025359826949934,13.697265909222056,business
transit,15.654703080426962,307.1298680225738,183693.4666221797,3037567.0604034513,mexico_city,8.522188278272041e-05,0.00010111048148572584,9.316618213422312e-05,1.1864380154979046,19.619015860261033,business
transit,35.35050620855718,178.7798565833272,426329.03884425946,1389642.0294634602,buenos_aires,8.291836348842033e-05,0.00012865173389463037,0.00010578504869152534,1.551546949097672,5.057349264776597,business
transit,10.39720770839918,42.68744312226482,462327.7718945457,781590.8291296656,rio,2.2488823601907094e-05,5.461610030634454e-05,3.855246195412582e-05,2.428588585741452,4.105664166714742,business
response,7.6246189861593985,1881.5818992133134,84514.0564071704,2853026.5324875396,tokyo,9.021716990397002e-05,0.000659503820868,0.00037486049538598497,7.310180773460267,246.7771704564986,business
response,2.0794415416798357,137.47870782218217,43668.014642809925,731101.7502038936,belize,4.761932867085869e-05,0.00018804319341848293,0.00011783126104467081,3.948883755128589,66.11328333429499,business
response,20.506733344346568,231.4590423058832,87073.80064826667,687378.7602901421,santiago,0.00023550979963747322,0.0003367270792716733,0.00028611843945457324,1.4297794817455862,11.286977716989398,business
response,33.964211847437284,1714.1279635902715,127663.46986001555,1754380.2429810097,taipei,0.0002660448747373029,0.0009770561259158151,0.0006215505003265591,3.6725237683326037,50.46865127593439,business
response,9.416378455387454,686.5169418601635,66646.38555703015,1005817.8299164908,singapore,0.00014128865919262404,0.000682546005291199,0.00041191733224191153,4.830861933233147,72.90668542186535,business
response,0.6931471805599453,200.84278332558912,38248.1365823982,359974.8375552003,beijing,1.8122377780854604e-05,0.0005579356176382492,0.0002880289977095519,30.787108865354337,289.754887502164,business
response,66.5421293337548,1308.2178468212467,275248.1164482747,1793142.50649448,hong_kong,0.00024175325954050466,0.0007295671381851066,0.0004856601988628056,3.01781717264859,19.659993750119256,business
response,11.090354888959125,913.5815350113564,183693.4666221797,3037567.0604034513,mexico_city,6.0374247886397296e-05,0.00030076094349338055,0.00018056759568988893,4.981609776063876,82.37622187553818,business
response,59.61065752815533,351.8310856520012,426329.03884425946,1389642.0294634602,buenos_aires,0.0001398231227451796,0.00025318109138354353,0.00019650210706436156,1.8107240520221606,5.9021507267525815,business
response,53.372332903115804,180.16615094444708,462327.7718945457,781590.8291296656,rio,0.00011544262782312313,0.00023051210969948264,0.0001729773687613029,1.9967676935825185,3.3756469156312487,business
